KV-001	Scrambled eggs with bacon and butter
KV-002	Ground beef and cheddar omelette
KV-003	Keto breakfast sausages with fried egg
KV-004	Beef liver with butter
KV-005	Chicken and bacon breakfast meatballs
KV-006	Ribeye steak with herb butter
KV-007	Chicken breast with cream sauce and spinach
KV-008	Pork chop fried in beef tallow
KV-009	Salmon fillet in butter
KV-010	Keto meatloaf
KV-011	Sirloin steak with herb butter
KV-012	Roasted chicken legs
KV-013	Slow roasted pork belly
KV-014	Lamb chops in butter
KV-015	Turkey breast with butter
KV-016	Beef stew meat only
KV-017	Duck breast with crispy skin
KV-018	Pork tenderloin in butter
KV-019	Cod fillet in butter sauce
KV-020	Keto mixed grill meat
KV-021	Bacon and scrambled eggs with butter
KV-022	Omelette with ground beef
KV-023	Keto breakfast sausages
KV-024	Fried eggs with ham
KV-025	Carnivore breakfast burgers
KV-026	Cold beef salad keto
KV-027	Keto chicken thighs in butter
KV-028	Ground beef with zucchini
KV-029	Cold chicken breast with mayonnaise
KV-030	Pork chop with clarified butter
KV-031	Ribeye with herb butter
KV-032	Chicken with cream sauce keto
KV-033	Lamb chops in butter
KV-034	Meatballs in butter sauce
KV-035	Crispy pork belly keto
KV-036	Duck fillet with fat
KV-037	Keto beef stew sugar free
KV-038	Chicken cooked in bacon fat
KV-039	Beef liver in butter
KV-040	Keto mixed grill meat platter
KV-041	Scrambled eggs with ham and chicory
KV-042	Lamb sausage and cauliflower breakfast
KV-043	Liver with braised chicory
KV-044	Keto breakfast with bacon and asparagus
KV-045	Lamb chop breakfast with cauliflower mash
KV-046	Roast pork with chicory salad
KV-047	Lamb mince with fried cauliflower
KV-048	Lamb heart with braised asparagus
KV-049	Pork strips with cauliflower rice
KV-050	Lamb leg with chicory
KV-051	Pork chop with fried chicory
KV-052	Lamb ribs with pan fried cauliflower
KV-053	Fried pork liver with asparagus
KV-054	Rack of lamb with creamy cauliflower
KV-055	Pork cheeks with braised chicory
KV-056	Lamb shoulder with asparagus
KV-057	Pork tenderloin with cauliflower
KV-058	Lamb liver with chicory
KV-059	Lamb fillet with cauliflower
KV-060	Pork shoulder with asparagus
KV-061	Quick omelette with bacon and cherry tomatoes
KV-062	Crispy salami with scrambled eggs and arugula
KV-063	Tuna avocado breakfast bowl with lemon and capers
KV-064	Fast scrambled eggs with smoked salmon and chives
KV-065	Chicken breast lettuce wrap with spicy mayo
KV-066	Beef carpaccio bowl with parmesan and arugula
KV-067	Quick chicken strips with pesto and zucchini noodles
KV-068	Pan fried tuna melt with cheese and bell pepper
KV-069	Quick stir fry shrimp with garlic and lemon
KV-070	Quick taco ground meat with iceberg lettuce
KV-071	Quick seared ribeye with garlic butter
KV-072	Quick chicken thighs with lemon pepper and broccoli
KV-073	Pan seared salmon with crispy skin and cucumber salsa
KV-074	Quick pork stir fry with bacon and cabbage
KV-075	Express chicken satay with peanut sauce
KV-076	Quick beef tips with mushrooms and cream
KV-077	Express pork chops with pepper cream sauce
KV-078	Garlic butter shrimp with zucchini cubes
KV-079	Pan fried chicken burgers with quick coleslaw
KV-080	Quick mixed grill beef strips bacon and pepper
KV-081	Crispy oven bacon with herb cream cheese
KV-082	Smoked salmon roses with lemon dill and capers
KV-083	Keto ham and aged cheese omelette
KV-084	Ground beef breakfast bowl with paprika butter
KV-085	Chicken caesar breakfast salad no croutons
KV-086	Crispy cheese waffles with ham and mustard dip
KV-087	Pulled pork salad with crispy cracklings
KV-088	Beef carpaccio platter with parmesan and truffle oil
KV-089	Roasted chicken thighs with lemon butter
KV-090	Venison fillet with red wine jus and mushrooms
KV-091	Beef tenderloin with pepper cream and butter crust
KV-092	Salmon fillet with beurre blanc and lemon zest
KV-093	Pork tenderloin with sage butter glaze
KV-094	Mini cheese fondue with charcuterie board
KV-095	Truffle deviled eggs with parmesan and chives
KV-096	Cheese and salami rolls with herb cream
KV-097	Crispy oven chicken wings with paprika salt
KV-098	Tuna mayo snack cups with pickles and pepper
KV-099	Duck breast with orange butter sauce
KV-100	Crispy cheese chips with paprika powder
